{"version":3,"meshes":[{"name":"./data/torus001.mesh","vertexattribute":["position","normal","tangent","binormal","texcoord0"],"boundingbox":{"min":[-0.11999999731779099,-0.019999999552965165,-0.11999999731779099],"max":[0.11999999731779099,0.019999999552965165,0.11999999731779099]},"material":{"name":"defaultmaterial","alphamode":0,"shadingmodel":"lambert","istruepbr":false,"pbrmetallicroughness":{"basecolorfactor":[0.5,0.5,0.0],"roughnessfactor":0.800000011920929,"metallicfactor":0.20000000298023225}}}]}