{"version":4,"meshes":[{"name":"./data/box001.mesh","vertexattribute":["position","normal","tangent","binormal","texcoord0"],"boundingbox":{"min":[-0.05000000074505806,-0.05000000074505806,-0.05000000074505806],"max":[0.05000000074505806,0.05000000074505806,0.05000000074505806]},"material":{"name":"defaultmaterial","alphamode":0,"shadingmodel":"lambert","istruepbr":false,"pbrmetallicroughness":{"basecolorfactor":[0.5,0.5,0.0],"roughnessfactor":0.800000011920929,"metallicfactor":0.20000000298023225}},"transform":{"pos":[0.0,0.05000000074505806,0.0],"scale":[1.0,1.0,1.0],"rotation":[-0.7071067690849304,0.0,0.0,0.7071067690849304]}}]}